1796236,Shanghai,121.4580,31.22222
745044,Istanbul,28.9496,41.01384
3435910,Buenos Aires,-58.3772,-34.61315
1275339,Mumbai,72.8826,19.07283
3530597,Mexico City,-99.1276,19.42847
1816670,Beijing,116.3972,39.9075
1174872,Karachi,67.010,24.8608
1792947,Tianjin,117.1766,39.14222
1809858,Guangzhou,113.2,23.11667
1273294,Delhi,77.2314,28.65195
524901,Moscow,37.6155,55.75222
1795565,Shenzhen,114.068,22.54554
1185241,Dhaka,90.4074,23.7104
1835848,Seoul,126.978,37.566
3448439,Sao Paulo,-46.6361,-23.5475
1791247,Wuhan,114.2666,30.58333
2332459,Lagos,3.3946,6.45407
1642911,Jakarta,106.8451,-6.21462
1850147,Tokyo,139.6917,35.6895
5128581,New York City,-74.0059,40.71427
1812545,Dongguan,113.7486,23.01797
1668341,Taipei,121.5318,25.04776
2314302,Kinshasa,15.3135,-4.32758
3936456,Lima,-77.0282,-12.04318
360630,Cairo,31.2496,30.06263
3688689,Bogota,-74.0817,4.60971
2643743,London,-0.1257,51.50853
1814906,Chongqing,106.5527,29.56278
1815286,Chengdu,104.0666,30.66667
98182,Baghdad,44.4008,33.34058
1799962,Nanjing,118.7777,32.06167
112931,Tehran,51.4215,35.69439
1800146,Nanchong,106.0847,30.79508
1819729,Hong Kong,114.1746,22.27832
1790630,Xi'an,108.9286,34.25833
1172451,Lahore,74.3507,31.558
2034937,Shenyang,123.4327,41.79222
1808926,Hangzhou,120.1614,30.29365
3451190,Rio de Janeiro,-43.1822,-22.90642
2037013,Harbin,126.6,45.75
1793724,Tai'an,117.1,36.18528
1886760,Suzhou,120.5953,31.30408
1795940,Shantou,116.7147,23.36814
1609350,Bangkok,100.5014,13.75398
1277333,Bengaluru,77.5936,12.97194
498817,Saint Petersburg,30.3141,59.93863
3871336,Santiago,-70.6482,-33.45694
1275004,Kolkata,88.3630,22.56263
2147714,Sydney,151.2073,-33.86785
1298824,Yangon,96.1561,16.80528
1805753,Jinan,116.9972,36.66833
1264527,Chennai,80.2784,13.08784
1784658,Zhengzhou,113.6486,34.75778
2158177,Melbourne,144.9633,-37.814
108410,Riyadh,46.7218,24.68773
2038180,Changchun,125.3227,43.88
1814087,Dalian,121.6022,38.91222
5368361,Los Angeles,-118.2436,34.05223
1205733,Chittagong,91.8316,22.3384
1804651,Kunming,102.7183,25.03889
361058,Alexandria,29.9158,31.20176
1279233,Ahmedabad,72.5872,23.02579
1797929,Qingdao,120.3804,36.06488
1838524,Busan,129.0402,35.10278
2293538,Abidjan,-4.0126,5.30966
2335204,Kano,8.5167,12.00012
1811103,Foshan,113.1314,23.02677
1269843,Hyderabad,78.4563,17.38405
1798425,Puyang,119.8887,29.45679
1848354,Yokohama,139.6,35.43333
2339354,Ibadan,3.9059,7.37756
1880252,Singapore,103.8500,1.28967
1790923,Wuxi,120.2885,31.56887
1790645,Xiamen,118.0818,24.47979
323786,Ankara,32.8542,39.91987
1792892,Tianshui,105.7423,34.57952
1799397,Ningbo,121.5494,29.87819
1566083,Ho Chi Minh City,106.6296,10.82302
1794903,Shiyan,110.7780,32.6475
3369157,Cape Town,18.4232,-33.92584
1793511,Taiyuan,112.5602,37.86944
2950159,Berlin,13.4105,52.52437
1793346,Tangshan,118.1833,39.63333
1808722,Hefei,117.2808,31.86389
3117735,Madrid,-3.7025,40.4165
1871859,Pyongyang,125.7543,39.03385
2553604,Casablanca,-7.6113,33.58831
1785286,Zibo,118.0633,36.79056
1915223,Zhongshan,110.572,21.31992
1007311,Durban,31.029,-29.8579
1815577,Changsha,112.9708,28.19874
1138958,Kabul,69.1723,34.52813
1529102,Urumqi,87.6004,43.80096
3646738,Caracas,-66.8791,10.48801
1259229,Pune,73.8553,18.51957
1255364,Surat,72.8302,21.19594
105343,Jeddah,39.1979,21.54238
1795270,Shijiazhuang,114.4786,38.04139
1267995,Kanpur,80.3497,26.46523
703448,Kyiv,30.523,50.45466
2240449,Luanda,13.2343,-8.83682
1692192,Quezon City,121.050,14.6488
344979,Addis Ababa,38.7468,9.02497
184745,Nairobi,36.8166,-1.28333
4887398,Chicago,-87.6500,41.85003
3450554,Salvador,-38.5108,-12.97111
1269515,Jaipur,75.7878,26.91962
1807703,Huai'an,119.1441,33.50389
160263,Dar es Salaam,39.2695,-6.82349
1804430,Lanzhou,103.8398,36.05701
1843564,Incheon,126.7051,37.45646
1785725,Yunfu,112.0395,22.92833
6167865,Toronto,-79.416,43.70011
6619347,Navi Mumbai,73.0158,19.03681
99532,Basrah,47.780,30.50852
1853909,Osaka,135.5021,34.69374
53654,Mogadishu,45.3437,2.03711
1835329,Daegu,128.5911,35.87028
1179400,Faisalabad,73.0896,31.41554
311046,Izmir,27.1383,38.41273
2253354,Dakar,-17.4440,14.6937
1264733,Lucknow,80.9231,26.83928
360995,Giza,31.2109,30.00808
3399415,Fortaleza,-38.5430,-3.71722
3687925,Cali,-76.522,3.43722
1625822,Surabaya,112.7508,-7.24917
3470127,Belo Horizonte,-43.9377,-19.92083
1800163,Nanchang,115.8530,28.68396
3169070,Rome,12.5113,41.89193
124665,Mashhad,59.5679,36.31559
5110302,Brooklyn,-73.9495,40.6501
4699066,Houston,-95.3632,29.76328
5133273,Queens,-73.8365,40.68149
1262180,Nagpur,79.0849,21.14631
3633009,Maracaibo,-71.6124,10.66663
3469058,Brasilia,-47.9297,-15.77972
3492908,Santo Domingo,-69.8923,18.47186
1856057,Nagoya,136.9064,35.18147
2174003,Brisbane,153.0280,-27.46794
3553478,Havana,-82.3830,23.13302
2988507,Paris,2.348,48.85341
99071,Al Mawsil al Jadidah,43.1055,36.33271
993800,Johannesburg,28.0436,-26.20227
1819609,Kowloon,114.1833,22.31667
388349,Al Basrah al Qadimah,47.8150,30.50316
1526384,Almaty,76.9286,43.25667
1917790,Dadonghai,109.5102,18.22056
3674962,Medellin,-75.5635,6.25184
1512569,Tashkent,69.2162,41.26465
2507480,Algiers,3.0874,36.73225
379252,Khartoum,32.5324,15.55177
2306104,Accra,-0.196,5.55602
3657509,Guayaquil,-79.8862,-2.19616
8347664,Ordos,109.7815,39.6086
71137,Sanaa,44.2066,15.35472
276781,Beirut,35.5015,33.89332
2063523,Perth,115.861,-31.95224
2128295,Sapporo,141.3,43.06667
2036502,Jilin,126.5602,43.85083
683506,Bucharest,26.1062,44.43225
2422488,Camayenne,-13.6877,9.535
1269743,Indore,75.833,22.71792
3526683,Iztapalapa,-99.0622,19.35529
3529612,Ecatepec de Morelos,-99.0606,19.60492
2422465,Conakry,-13.6772,9.53795
11838258,Bayan Nur,107.3859,40.74143
3632998,Maracay,-67.5911,10.23535
1214520,Medan,98.6666,3.58333
1166993,Rawalpindi,73.047,33.59733
625144,Minsk,27.5666,53.9
3054643,Budapest,19.0399,47.49801
99072,Mosul,43.1188,36.335
2911298,Hamburg,10.0153,53.57532
3464975,Curitiba,-49.2730,-25.42778
756135,Warsaw,21.0117,52.22977
1650357,Bandung,107.6069,-6.92222
953781,Soweto,27.8584,-26.26781
2761369,Vienna,16.3720,48.20849
2538475,Rabat,-6.8325,34.01325
4005539,Guadalajara,-103.3918,20.66682
3128760,Barcelona,2.1589,41.38879
964137,Pretoria,28.1878,-25.74486
170063,Aleppo,37.1611,36.20124
1785623,Kunshan,120.9543,31.37762
6077243,Montreal,-73.5878,45.50884
1701668,Manila,120.982,14.6042
1260086,Patna,85.1356,25.59408
1275841,Bhopal,77.4028,23.25469
3663517,Manaus,-60.02,-3.10194
1788534,Xinyang,114.0655,32.12278
3521081,Puebla,-98.2034,19.03793
2335727,Kaduna,7.4387,10.52641
1821306,Phnom Penh,104.9160,11.56245
170654,Damascus,36.2912,33.5102
4560349,Philadelphia,-75.1637,39.95233
5308655,Phoenix,-112.0740,33.44838
418863,Isfahan,51.6746,32.65246
1264728,Ludhiana,75.8537,30.91204
890299,Harare,31.0533,-17.82772
1859171,Kobe,135.18,34.6913
1649378,Bekasi,106.989,-6.2349
1673820,Kaohsiung,120.3133,22.61626
2673730,Stockholm,18.064,59.33258
4013708,Juarez,-106.4608,31.72024
1720151,Caloocan City,120.9678,14.64953
5125771,Manhattan,-73.9662,40.78343
3439389,Asuncion,-57.6359,-25.30066
3390760,Recife,-34.8811,-8.05389
1835235,Daejeon,127.4197,36.32139
4726206,San Antonio,-98.4936,29.42412
2298890,Kumasi,-1.6244,6.68848
1736376,Kota Bharu,102.238,6.13328
1857910,Kyoto,135.7538,35.02107
1735161,Kuala Lumpur,101.6865,3.1412
128747,Karaj,50.9915,35.83266
1283240,Kathmandu,85.320,27.70169
1633070,Palembang,104.745,-2.91673
1169825,Multan,71.4782,30.19679
1254361,Tirunelveli,77.683,8.72742
1581130,Hanoi,105.8411,21.0245
706483,Kharkiv,36.2527,49.98081
1279259,Agra,78.0166,27.18333
3860259,Cordoba,-64.1810,-31.4135
113646,Tabriz,46.291,38.08
1496747,Novosibirsk,82.934,55.0415
1841811,Gwangju,126.9155,35.15472
750269,Bursa,29.0601,40.19559
1253573,Vadodara,73.2081,22.29941
3405870,Belem,-48.5044,-1.45583
2037355,Fushun,123.9436,41.88669
3652462,Quito,-78.5249,-0.22985
5391811,San Diego,-117.1647,32.71571
1863967,Fukuoka,130.4166,33.6
1070940,Antananarivo,47.5361,-18.91368
1801792,Luoyang,112.4536,34.68361
1176734,Hyderabad,68.3736,25.39242
5110266,The Bronx,-73.8664,40.84985
3625549,Valencia,-68.0076,10.16202
1177662,Gujranwala,74.1870,32.15567
3689147,Barranquilla,-74.7813,10.96854
1802875,Guankou,113.6270,28.15861
3981609,Tijuana,-117.0037,32.5027
922704,Lubumbashi,27.4793,-11.66089
3452925,Porto Alegre,-51.2,-30.03306
1625084,Tangerang,106.6,-6.17806
3904906,Santa Cruz de la Sierra,-63.1811,-17.78629
1808963,Handan,114.4677,36.60056
232422,Kampala,32.5821,0.31628
1486209,Yekaterinburg,60.612,56.8519
1336135,Khulna,89.5643,22.80979
2232593,Douala,9.7042,4.04827
1270926,Gorakhpur,75.6720,29.44768
104515,Mecca,39.8256,21.42664
1622786,Makassar,119.4319,-5.14861
1859642,Kawasaki,139.7172,35.52056
8581443,South Tangerang,106.7178,-6.28862
2038432,Baotou,109.8222,40.65222
4684888,Dallas,-96.8066,32.78306
109223,Medina,39.6141,24.46861
2220957,Yaounde,11.5166,3.86667
2460596,Bamako,-,12.65
1261731,Nashik,73.7909,19.99727
1627896,Semarang,110.4208,-6.99306
2260535,Brazzaville,15.2831,-4.26613
1259652,Pimpri,73.8069,18.62292
520555,Nizhniy Novgorod,44.0020,56.32867
250441,Amman,35.9450,31.95522
1723510,Budta,124.4397,7.20417
792680,Belgrade,20.4651,44.80401
3441575,Montevideo,-56.1881,-34.90328
909137,Lusaka,28.2871,-15.40669
1788046,Xuchang,113.8629,34.03189
1268295,Kalyan,73.1355,19.2437
1254661,Thane,72.9635,19.19704
2867714,Munich,11.5754,48.13743
268743,Ra's Bayrut,35.4833,33.9
115019,Shiraz,52.5311,29.61031
325363,Adana,35.3288,37.00167
1835553,Suwon,127.0088,37.29111
3173435,Milan,9.1895,45.46427
3718426,Port-au-Prince,-72.3388,18.54349
3530589,Ciudad Nezahualcoyotl,-99.0148,19.40061
2078025,Adelaide,138.5986,-34.92866
1263214,Meerut,77.7063,28.98002
1261162,Nowrangapur,82.5482,19.23114
1271951,Faridabad,77.3131,28.41124
1168197,Peshawar,71.5784,34.008
1715348,Davao,125.6127,7.07306
1311874,Mandalay,96.0835,21.97473
365137,Omdurman,32.4777,15.64453
3492914,Santiago de los Caballeros,-70.6970,19.4517
1927639,Yueyang,113.0948,29.37455
2038632,Anshan,122.9,41.12361
1787824,Tongshan,117.1570,34.18045
1271308,Ghaziabad,77.4391,28.66535
1645524,Depok,106.8186,-6.4
6940394,Saitama,139.6565,35.90807
3514674,Gustavo Adolfo Madero,-99.1107,19.49392
1272423,Dombivli,73.0833,19.21667
1040652,Maputo,32.5832,-25.96553
1810821,Fuzhou,119.3061,26.06139
1258847,Rajkot,70.7932,22.29161
3838583,Rosario,-60.6393,-32.94682
1809461,Guiyang,106.7166,26.58333
3462377,Goiania,-49.2538,-16.67861
3461786,Guarulhos,-46.5333,-23.46278
3067696,Prague,14.4207,50.08804
1253405,Varanasi,83.0104,25.31668
2618425,Copenhagen,12.5655,55.67594
727011,Sofia,23.3241,42.69751
2210247,Tripoli,13.1874,32.87519
2324774,Port Harcourt,7.013,4.77742
1862415,Hiroshima,132.4,34.4
1813253,Lijiang,100.2207,26.86879
292223,Dubai,55.1712,25.0657
499099,Samara,50.1,53.20007
1496153,Omsk,73.3685,54.99244
2347283,Benin City,5.6257,6.33815
3995465,Monterrey,-100.3184,25.67507
1978681,Malingao,124.47,7.16083
587084,Baku,49.8920,40.37767
3998655,Leon de los Aldama,-101.6737,21.12908
2331447,Maiduguri,13.1571,11.84692
551487,Kazan,49.1221,55.78874
616052,Yerevan,44.5136,40.18111
1278710,Amritsar,74.8753,31.62234
2357048,Ouagadougou,-1.5338,12.36566
1848254,Yono,139.6333,35.88333
501175,Rostov-na-Donu,39.7232,47.23135
1278994,Allahabad,81.8432,25.44478
1842485,Goyang-si,126.83,37.65639
314830,Gaziantep,37.382,37.05944
1253102,Visakhapatnam,83.2016,17.68009
2111149,Sendai,140.8666,38.26667
1508291,Chelyabinsk,61.4291,55.15402
2037799,Datong,113.2913,40.09361
611717,Tbilisi,44.8336,41.69411
7283386,Changshu City,120.7422,31.64615
1668399,Taichung,120.683,24.1469
1254745,Teni,77.4777,10.01115
1790353,Xianyang,108.7026,34.33778
479561,Ufa,55.9677,54.74306
709930,Dnipro,35.0386,48.4593
1897000,Seongnam-si,127.1377,37.43861
3467865,Campinas,-47.0608,-22.90556
1269633,Jabalpur,79.9500,23.16697
1270396,Haora,88.3185,22.57688
1807681,Huainan,116.9969,32.62639
5392171,San Jose,-121.8949,37.33939
709717,Donetsk,37.8022,48.023
2964574,Dublin,-6.2488,53.33306
5913490,Calgary,-114.0852,51.05011
2800866,Brussels,4.3487,50.85045
1278149,Aurangabad,75.3422,19.87757
472757,Volgograd,44.5018,48.71939
3456160,Nova Iguacu,-43.4511,-22.75917
1797121,Jieyang,116.3658,23.5418
698740,Odessa,30.7326,46.47747
7602670,Zhu Cheng City,119.4025,35.99502
6943660,Shivaji Nagar,73.8526,18.53017
1859307,Kitakyushu,130.8503,33.85181
1256436,Solapur,75.9104,17.67152
1816971,Baoding,115.4902,38.85111
3598132,Guatemala City,-90.5132,14.64072
2038300,Benxi,123.76,41.28861
3979770,Zapopan,-103.3847,20.72356
2655603,Birmingham,-1.8998,52.48142
511196,Perm,56.2501,58.01046
1255634,Srinagar,74.8055,34.08565
2317765,Zaria,7.722,11.11128
3617763,Managua,-86.250,12.13282
964420,Port Elizabeth,25.6149,-33.96109
2548885,Fes,-5.0002,34.03313
2886242,Koeln,6.9,50.93333
1833747,Ulsan,129.3166,35.53722
1274746,Chandigarh,76.788,30.73629
1273865,Coimbatore,76.9661,11.00555
3172394,Naples,14.2681,40.85216
3395981,Maceio,-35.7352,-9.66583
3687238,Cartagena,-75.5144,10.39972
1815456,Changzhou,119.9540,31.77359
101760,Sultanah,39.5857,24.49258
2274895,Monrovia,-10.796,6.30054
3489854,Kingston,-76.7935,17.99702
95446,Erbil,44.0119,36.18333
4671654,Austin,-97.7430,30.26715
1502026,Krasnoyarsk,92.8671,56.01839
6611854,Nay Pyi Taw,96.1297,19.745
1268865,Jodhpur,73.0059,26.26841
2113015,Chiba,140.1166,35.6
3388368,Sao Luis,-44.3027,-2.52972
1264521,Madurai,78.1189,9.91769
2537763,Sale,-6.7984,34.0531
1807700,Huaibei,116.7916,33.97444
3919968,Cochabamba,-66.156,-17.3895
1528675,Bishkek,74.5,42.87
119208,Qom,50.876,34.6401
2293521,Abobo,-4.015,5.41613
100077,Abu Ghurayb,44.1847,33.30563
1804879,Kaifeng,114.3074,34.7986
1271476,Guwahati,91.745,26.1844
2353151,Aba,7.3666,5.10658
1798827,Pingdingshan,113.3011,33.73847
1270583,Gwalior,78.1733,26.22983
2035265,Qiqihar,123.9604,47.34088
1732905,Klang,101.4,3.03333
3844421,Mendoza,-68.8271,-32.89084
306571,Konya,32.4846,37.87135
209228,Mbuji-Mayi,23.5897,-6.13603
1253184,Vijayawada,80.646,16.50745
2246678,Pikine,-17.3907,14.76457
3165524,Turin,7.6868,45.07049
1262321,Mysore,76.6392,12.29791
4160021,Jacksonville,-81.6556,30.33218
1791388,Wenzhou,120.6668,27.99942
5391959,San Francisco,-122.4194,37.77493
2644210,Liverpool,-2.9779,53.41058
498677,Saratov,46.0086,51.54056
3600949,Tegucigalpa,-87.2068,14.0818
1838716,Bucheon-si,126.7830,37.49889
4509177,Columbus,-82.9987,39.96118
472045,Voronezh,39.184,51.67204
1258526,Ranchi,85.309,23.34316
3522790,Naucalpan de Juarez,-99.2396,19.47851
2028462,Ulan Bator,106.8832,47.90771
1821940,Takeo,104.7849,10.99081
144448,Ahvaz,48.684,31.31901
3947322,Arequipa,-71.53,-16.39889
1633419,Padang,100.3542,-0.94924
1269920,Hubli,75.1337,15.34776
2542997,Marrakesh,-7.9999,31.63416
1645528,Denpasar,115.2166,-8.65
1771023,Kampung Baru Subang,101.5333,3.15
4691930,Fort Worth,-97.3208,32.72541
4259418,Indianapolis,-86.1580,39.76838
4460243,Charlotte,-80.8431,35.22709
3464374,Duque de Caxias,-43.3116,-22.78556
2335953,Jos,8.8921,9.92849
2509954,Valencia,-0.3773,39.46975
2337639,Ilorin,4.5421,8.49664
3946083,Callao,-77.1181,-12.05659
3911925,La Paz,-68.1,-16.5
6094817,Ottawa,-75.6981,45.41117
3648522,Barquisimeto,-69.3570,10.0647
4014338,Chihuahua,-106.0888,28.63528
1799869,Nanning,108.3166,22.81667
2409306,Freetown,-13.235,8.48714
1732752,Johor Bahru,103.757,1.4655
281184,Jerusalem,35.2163,31.76904
1624917,Bandar Lampung,105.2611,-5.42917
1648473,Bogor,106.7891,-6.59444
186301,Mombasa,39.6635,-4.05466
1717512,Cebu City,123.8907,10.31672
287286,Muscat,58.4077,23.58413
687700,Zaporizhia,35.1903,47.82289
2995469,Marseille,5.3810,43.29695
250090,Zarqa,36.0879,32.07275
6955677,Cankaya,32.8626,39.9179
1167460,Rahim Yar Khan,70.3034,28.41987
10630176,Pasragad Branch,48.4716,34.77772
2474141,Boumerdas,3.4771,36.76639
1268782,Jalandhar,75.5791,31.32556
1254163,Thiruvananthapuram,76.9492,8.4855
1853195,Sakai,135.4666,34.58333
1785294,Anyang,114.3827,36.096
3836873,San Miguel de Tucuman,-65.222,-26.82414
2394819,Cotonou,2.4183,6.36536
1257629,Salem,78.1553,11.65376
1254388,Tiruchirappalli,78.6965,10.8155
169577,Homs,36.7233,34.72682
2036892,Hohhot,111.6522,40.81056
2440485,Niamey,2.109,13.51366
1668355,Tainan,120.2133,22.99083
1817720,Shangyu,120.8711,30.01556
3093133,Lodz,19.4739,51.77058
110336,Dammam,50.1032,26.43442
1788852,Xining,101.7573,36.62554
23814,Kahriz,47.055,34.3838
1266049,Kota,75.8390,25.18254
3394023,Natal,-35.2094,-5.795
1275817,Bhubaneshwar,85.8338,20.27241
1797595,Qinhuangdao,119.5883,39.93167
1808370,Hengyang,112.6188,26.88946
323777,Antalya,30.6955,36.90812
3094802,Krakow,19.9365,50.06143
1279017,Aligarh,78.0746,27.88145
1583992,Da Nang,108.2208,16.06778
965301,Pietermaritzburg,30.3927,-29.61679
2365267,Lome,1.2215,6.12874
3691175,Trujillo,-79.0299,-8.11599
1636722,Malang,112.630,-7.9797
3645528,Ciudad Guayana,-62.6410,8.35122
1277013,Bareilly,79.4316,28.36678
202061,Kigali,30.0588,-1.94995
3386496,Teresina,-42.8019,-5.08917
1788572,Xinxiang,113.8015,35.19033
3449344,Sao Bernardo do Campo,-46.56,-23.69389
2036986,Hegang,130.3001,47.35118
456172,Riga,24.1058,56.946
2759794,Amsterdam,4.8896,52.37403
2325200,Oyo,3.9312,7.85257
1167528,Quetta,67.0014,30.18414
2641170,Nottingham,-1.1504,52.9536
3467747,Campo Grande,-54.6463,-20.44278
162183,Ashgabat,58.3833,37.95
3514663,Alvaro Obregon,-99.2032,19.35867
1169607,Muzaffarabad,73.4708,34.37002
4005492,Guadalupe,-100.2564,25.67678
751324,Bagcilar,28.8567,41.03903
98463,As Sulaymaniyah,45.432,35.56496
3685533,Cucuta,-72.5078,7.89391
1262801,Moradabad,78.7768,28.83893
2427123,N'Djamena,15.044,12.10672
1804540,Langfang,116.6947,39.50972
1783873,Zhumadian,114.0294,32.97944
1787093,Yantai,121.4408,37.47649
702550,Lviv,24.0232,49.83826
3523349,Merida,-89.6169,20.97537
3515431,Tlalnepantla,-99.1953,19.54005
5946768,Edmonton,-113.4687,53.55014
1845457,Jeonju,127.1488,35.82194
1783763,Zhuzhou,113.1,27.83333
8504423,Subang Jaya,101.5806,3.04384
1275901,Bhiwandi,73.0588,19.30023
1631761,Pekanbaru,101.4416,0.51667
2510911,Sevilla,-5.9731,37.38283
482283,Tol'yatti,49.346,53.5303
3397838,Jaboatao,-35.0013,-8.18028
1851717,Shizuoka,138.3833,34.98333
7874116,Santo Domingo Oeste,-7,18.5
1185128,Rajshahi,88.6011,24.374
8601412,Santo Domingo Este,-69.8570,18.48847
1183105,Battagram,73.0232,34.67719
8224624,City of Balikpapan,116.8941,-1.24204
1815463,Changzhi,111.7386,35.20889
894701,Bulawayo,28.5833,-20.15
3186886,Zagreb,15.9779,45.81444
2561668,Agadir,-9.5981,30.42018
927967,Lilongwe,33.7872,-13.96692
3191281,Sarajevo,18.3564,43.84864
3432043,La Plata,-57.9545,-34.92145
2464470,Tunis,10.1657,36.81897
2033196,Zhangjiakou,114.8794,40.81
1783745,Zigong,104.7768,29.34162
2037346,Fuxin,121.6588,42.01556
2343279,Enugu,7.4988,6.44132
2530335,Tangier,-5.7997,35.76727
1807234,Huangshi,115.0481,30.24706
2036113,Liaoyang,123.1730,41.27194
2638077,Sheffield,-1.465,53.38297
5809844,Seattle,-122.3320,47.60621
5419384,Denver,-104.984,39.73915
5520993,El Paso,-106.4869,31.75872
1858421,Kumamoto,130.6918,32.80589
1258980,Raipur,81.6333,21.23333
1713022,General Santos,125.1716,6.11278
1221874,Dushanbe,68.7790,38.53575
3455775,Osasco,-46.7916,-23.5325
3985606,San Luis Potosi,-100.9791,22.14982
4990729,Detroit,-83.0457,42.33143
1039854,Matola,32.4588,-25.96222
4012176,Culiacan,-107.3878,24.79032
3104324,Zaragoza,-0.8773,41.65606
1270927,Gorakhpur,83.3688,26.76628
1790492,Xiangtan,112.,27.85
1734634,Ipoh,101.082,4.5841
6075357,Mississauga,-79.658,43.5789
4930956,Boston,-71.0597,42.35843
1798422,Puyang Chengguanzhen,115.0140,35.70506
1799722,Nantong,120.8747,32.03028
2035715,Mudanjiang,129.,44.58333
264371,Athens,23.7162,37.97945
3449701,Santo Andre,-46.5383,-23.66389
2377450,Nouakchott,-15.978,18.08581
2255414,Pointe-Noire,11.8635,-4.77609
4019233,Aguascalientes,-102.2825,21.88234
4641239,Memphis,-90.0489,35.14953
703845,Kryvyi Rih,33.3804,47.90966
3533462,Acapulco de Juarez,-99.9089,16.84942
3397277,Joao Pessoa,-34.8630,-7.115
1846918,Ansan-si,126.8219,37.32361
88319,Benghazi,20.0685,32.11486
2925533,Frankfurt am Main,8.6841,50.11552
542420,Krasnodar,38.9760,45.04484
1809498,Guilin,110.2863,25.28194
2523920,Palermo,13.3356,38.13205
1248991,Colombo,79.8477,6.93194
2485926,Oran,-0.6358,35.69906
316541,Diyarbakir,40.2172,37.91363
1684308,Taguig,121.079,14.5243
4645421,New South Memphis,-90.0567,35.08676
479123,Ulyanovsk,48.3865,54.32824
1173055,Kotli,73.902,33.51836
1854383,Okayama,133.9333,34.65
1784990,Zhanjiang,110.3427,21.28145
285839,Al Ahmadi,48.0838,29.07694
1621177,Yogyakarta,110.3647,-7.80139
6091104,North York,-79.416,43.76681
618426,Chisinau,28.857,47.00556
3081368,Wroclaw,17.0333,51.1
1845604,Cheongju-si,127.4897,36.63722
1846898,Anyang-si,126.9269,37.3925
2477461,Tebessa,8.1241,35.40417
1784642,Zhenjiang,119.4550,32.21086
5746545,Portland,-122.6762,45.52345
6183235,Winnipeg,-97.1470,49.8844
2037886,Dandong,124.3947,40.12917
4544349,Oklahoma City,-97.5164,35.46756
554840,Izhevsk,53.2044,56.84976
6317344,Jaboatao dos Guararapes,-35.0147,-8.11278
1795874,Shaoguan,113.5833,24.8
1787746,Yancheng,120.157,33.3575
3530139,Coyoacan,-99.1617,19.3467
3465624,Contagem,-44.0536,-19.93167
3991164,Santiago de Queretaro,-100.3880,20.58806
1275971,Bhilai,81.428,21.20919
2035513,Panshan,122.0494,41.18806
223817,Djibouti,43.1450,11.58901
5506956,Las Vegas,-115.1372,36.17497
4347778,Baltimore,-76.6121,39.29038
3988086,Saltillo,-101.005,25.42321
128226,Kermanshah,47.06,34.31417
3451328,Ribeirao Preto,-47.8102,-21.1775
79415,Al Hudaydah,42.9545,14.79781
7290466,Pasig City,121.061,14.58691
2654675,Bristol,-2.5966,51.45523
1269300,Jamshedpur,86.1854,22.80278
1809078,Haikou,110.3416,20.04583
70225,Ta`izz,44.0209,13.57952
3448636,Sao Jose dos Campos,-45.8869,-23.17944
1793505,Taizhou,119.9081,32.49069
1788927,Xingtai,114.4941,37.06306
1275248,Borivli,72.8597,19.23496
3515428,Tlalpan,-99.1620,19.29513
468902,Yaroslavl,39.8736,57.62987
1020098,Benoni,28.3207,-26.18848
1863289,Hamamatsu,137.7333,34.7
1273874,Cochin,76.2602,9.93988
2036427,Jinzhou,121.1416,41.10778
1278718,Amravati,77.7,20.93333
292968,Abu Dhabi,54.3666,24.46667
1581298,Haiphong,106.6834,20.86481
4140963,"Washington, D.C.",-77.0363,38.89511
1176615,Islamabad,73.0432,33.72148
94787,Kirkuk,44.3922,35.46806
1257416,Sangli,74.5641,16.85438
5263045,Milwaukee,-87.9064,43.0389
6173331,Vancouver,-123.1193,49.24966
2034786,Shuangyashan,131.1538,46.63611
6948711,Scarborough,-79.2566,43.77223
1626801,Situbondo,114.0097,-7.70623
1510853,Barnaul,83.7636,53.36056
2747891,Rotterdam,4.4791,51.9225
1802204,Luancheng,114.6516,37.87917
3996069,Mexicali,-115.4544,32.62781
4004898,Hermosillo,-110.9773,29.1026
118743,Rasht,49.5886,37.27611
2352947,Abeokuta,3.3450,7.15571
2928810,Essen,7.0122,51.45657
308464,Kayseri,35.4852,38.73222
3995402,Morelia,-101.1844,19.70078
2648579,Glasgow,-4.2576,55.86515
2165087,Gold Coast,153.4308,-28.00029
2033370,Yingkou,122.2283,40.66482
2352778,Abuja,7.4950,9.05785
1707174,Las Pinas,120.9827,14.45056
1785018,Zhangzhou,117.6555,24.51333
2825297,Stuttgart,9.1770,48.78232
2935517,Dortmund,7.46,51.51494
2013348,Vladivostok,131.8735,43.10562
2023469,Irkutsk,104.2963,52.29778
931755,Blantyre,35.0085,-15.78499
3489297,New Kingston,-76.7831,18.00747
738329,UEskuedar,29.0236,41.02252
3176219,Genoa,8.9443,44.40478
3143244,Oslo,10.7460,59.91273
1273780,Cuttack,85.8792,20.46497
1863440,Hachioji,139.3238,35.65583
2022890,Khabarovsk,135.0837,48.48271
2056752,Khabarovsk Vtoroy,135.1332,48.43776
2399697,Libreville,9.4535,0.39241
128234,Kerman,57.0787,30.28321
3698350,Chiclayo,-79.8408,-6.77137
121801,Orumiyeh,45.0760,37.55274
7627067,Bahcelievler,28.859,41.00231
1816440,Bengbu,117.3608,32.94083
1275665,Bikaner,73.3149,28.01762
738377,Umraniye,29.1247,41.01643
2934246,Duesseldorf,6.7761,51.22172
1650213,Banjarmasin,114.5907,-3.31987
2711537,Goeteborg,11.9667,57.70716
1529195,Shihezi,86.0369,44.3023
3688465,Bucaramanga,-73.119,7.12539
4951305,South Boston,-71.0494,42.33343
1735634,Kuching,110.3333,1.55
3088171,Poznan,16.9299,52.40692
3514783,Veracruz,-96.142,19.18095
2514256,Malaga,-4.4203,36.72016
2290956,Bouake,-5.0303,7.69385
369004,Nyala,24.8806,12.04888
343300,Asmara,38.9318,15.33805
2322911,Sokoto,5.2432,13.06269
3445831,Uberlandia,-48.2772,-18.91861
2326016,Onitsha,6.7856,6.14978
1863905,Honcho,139.9864,35.70129
5454711,Albuquerque,-106.6511,35.08449
1877449,Hamhung,127.5363,39.91833
3447399,Sorocaba,-47.4580,-23.50167
658225,Helsinki,24.9354,60.16952
1252948,Warangal,79.5833,18
3536729,Santiago de Cuba,-75.8266,20.02083
2034714,Siping,124.3778,43.16143
1860827,Kagoshima,130.5,31.56667
1625812,Surakarta,110.8316,-7.55611
1797873,Huai'an,119.0191,33.58861
1276032,Bhavnagar,72.1533,21.76287
3430863,Mar del Plata,-57.5575,-38.00228
1183880,Bahawalpur,71.675,29.39779
1159301,Zahedan,60.862,29.4963
415189,Aden,45.0366,12.77944
1261977,Nanded,77.3149,19.16023
515003,Orenburg,55.098,51.7727
1846326,Changwon,128.6811,35.22806
786714,Pristina,21.1668,42.67272
2036581,Jiamusi,130.3163,46.79927
1730501,Antipolo,121.1225,14.62578
1799491,Neijiang,105.0621,29.58354
2944388,Bremen,8.8077,53.07516
2542715,Meknes,-5.5472,33.89352
292672,Sharjah,55.4120,25.33737
1670029,Banqiao,121.4671,25.01427
1166000,Sargodha,72.6741,32.08586
2389853,Bangui,18.5549,4.36122
593116,Vilnius,25.279,54.68916
3531673,Cancun,-86.8465,21.17429
1787227,Yangzhou,119.4358,32.39722
1496990,Novokuznetsk,87.109,53.7557
212730,Kisangani,25.1909,0.51528
358619,Port Said,32.2841,31.25654
304531,Mersin,34.6388,36.81196
1258315,Raurkela,84.8641,22.22496
2319133,Warri,5.7500,5.51737
1809412,Guli,120.0330,28.88162
2344082,Ebute Ikorodu,3.4881,6.60086
1793424,Tanggu,117.6469,39.02111
1806299,Jiangmen,113.0833,22.58333
5318313,Tucson,-110.9264,32.22174
4644585,Nashville,-86.7844,36.16589
107968,Ta'if,40.4158,21.27028
1052373,Beira,34.8388,-19.84361
1270668,Guntur,80.4572,16.29974
2244322,Touba,-15.8833,14.85
6325494,Quebec,-71.2145,46.81228
132144,Hamadan,48.5145,34.79922
1816080,Cangzhou,116.8666,38.31667
3583361,San Salvador,-89.1871,13.68935
3517270,Santa Maria Chimalhuacan,-98.9503,19.42155
3981254,Torreon,-103.4189,25.54389
1273313,Dehra Dun,78.0339,30.32443
3465038,Cuiaba,-56.0966,-15.59611
3827409,Cuauhtemoc,-99.1461,19.44506
3532624,Ciudad Lopez Mateos,-99.2567,19.55793
1735158,Petaling Jaya,101.6067,3.10726
1821274,Macau,113.5461,22.20056
1276014,Bhayandar,72.8510,19.30157
747340,Esenler,28.8761,41.0435
500096,Ryazan',39.691,54.6269
5350937,Fresno,-119.7723,36.74773
5969782,Hamilton,-79.8496,43.25011
1488754,Tyumen,65.5272,57.15222
1272175,Durgapur,87.3080,23.51583
3429652,Quilmes,-58.2637,-34.72904
1279159,Ajmer,74.6386,26.4521
2267057,Lisbon,-9.1333,38.71667
1791121,Changde,111.678,29.04638
1805987,Jiaozuo,113.2330,35.23972
1253894,Ulhasnagar,73.1,19.21667
1266285,Kolhapur,74.2316,16.69563
535121,Lipetsk,39.5707,52.60311
1256525,Shiliguri,88.4285,26.71004
2910831,Hannover,9.7332,52.37052
315202,Eskisehir,30.5205,39.77667
14256,Azadshahr,48.5701,34.79049
3838233,Salta,-65.4116,-24.7859
511565,Penza,45.0046,53.20066
949880,Tembisa,28.226,-25.99636
1275610,Bilimora,72.9613,20.76957
700569,Mykolayiv,31.997,46.96591
6316406,Aparecida de Goiania,-49.2438,-16.82333
3875024,Puente Alto,-70.5757,-33.61169
1703417,Makati City,121.0326,14.55027
2034414,Tonghua,125.9263,41.71972
523750,Naberezhnyye Chelny,52.4112,55.72545
2644668,Leicester,-1.1316,52.6386
1791236,Wuhu,118.3735,31.33728
3515302,Toluca,-99.6532,19.28786
1855431,Niigata,139.0058,37.88637
1267696,Karol Bagh,77.1907,28.65136
2879139,Leipzig,12.3712,51.33962
8504951,Kalininskiy,30.389,59.99675
2934691,Duisburg,6.7651,51.43247
1278314,Asansol,86.9833,23.68333
143127,Arak,49.6980,34.09493
580497,Astrakhan,48.0407,46.34968
1790437,Zhuhai,113.5677,22.27694
1839071,Pohang,129.3648,36.02917
2861650,Nuernberg,11.0775,49.45421
1795816,Shashi,112.2447,30.30722
3520339,Reynosa,-98.2883,26.08061
532096,Makhachkala,47.5023,42.97638
1646448,Cimahi,107.542,-6.87222
3981461,Tlaquepaque,-103.2932,20.64091
1803936,Wuwei,102.6320,37.92672
1269317,Jamnagar,70.0667,22.47292
5389489,Sacramento,-121.494,38.58157
3471872,Aracaju,-37.0716,-10.91111
377039,Port Sudan,37.2164,19.61745
3836277,Santa Fe de la Vera Cruz,-60.,-31.63333
3601782,San Pedro Sula,-88.02,15.50417
359796,Suez,32.5262,29.97371
2935022,Dresden,13.7383,51.05089
1489425,Tomsk,84.9743,56.49771
2593460,Masina,15.3913,-4.38361
1257806,Saharanpur,77.5452,29.9679
1270752,Gulbarga,76.8375,17.33583
1276058,Bhatpara,88.4011,22.86643
98860,Najaf,44.3462,32.02594
3463478,Feira de Santana,-38.9666,-12.26667
1732903,Shah Alam,101.5328,3.08507
701822,Mariupol,37.5413,47.09514
1862627,Himeji,134.,34.81667
3515001,Tuxtla,-93.1130,16.75973
627907,Gomel,30.975,52.4345
1806488,Qionghai,110.4641,19.2425
2327220,Okene,6.2358,7.55122
1833788,Uijeongbu-si,127.047,37.7415
1006984,East London,27.9116,-33.01529
111822,Yazd,54.367,31.89722
57289,Hargeysa,44.06,9.56
1164909,Sialkot,74.5313,32.49268
1503901,Kemerovo,86.0833,55.33333
1786764,Yichang,111.2847,30.71444
1843847,Hwaseong-si,126.816,37.20682
4393217,Kansas City,-94.5785,39.09973
3515807,Cuautitlan Izcalli,-99.2159,19.64388
1786657,Yinchuan,106.2730,38.46806
785842,Skopje,21.4314,41.99646
944385,Vereeniging,27.9261,-26.67313
2747373,The Hague,4.2986,52.07667
5367929,Long Beach,-118.1892,33.76696
3592519,Mixco,-90.6063,14.63333
2996944,Lyon,4.8467,45.74846
3458449,Londrina,-51.1627,-23.31028
5304391,Mesa,-111.8226,33.42227
1809061,Jiaojiang,121.4733,28.69844
1857553,Matsudo,139.9014,35.77995
3459505,Juiz de Fora,-43.3502,-21.76417
1855207,Nishinomiya-hama,135.3319,34.71562
480562,Tula,37.6182,54.19609
5139568,Staten Island,-74.1398,40.56233
1859730,Kawaguchi,139.7107,35.80521
1783621,Zunyi,106.9072,27.68667
1805953,Jiaxing,120.7,30.7522
3470142,Belford Roxo,-43.3994,-22.76417
1269321,Jammu,74.8691,32.73569
2036109,Liaoyuan,125.1358,42.90361
2650225,Edinburgh,-3.1964,55.95206
4180439,Atlanta,-84.3879,33.749
214481,Kananga,22.4165,-5.89624
1018725,Bloemfontein,26.21,-29.12107
1790587,Xiangyang,112.1447,32.0422
3099434,Gdansk,18.6463,54.35205
2346229,Calabar,8.3269,4.95893
1798998,Dadukou,101.7053,26.5479
3459712,Joinville,-48.8455,-26.30444
170017,Hamah,36.7578,35.13179
1265491,Kurnool,78.0360,15.82887
2803138,Antwerpen,4.4034,51.21989
1860243,Kanazawa,136.6166,36.6
7701384,Karabaglar,27.135,38.37396
1679432,Zamboanga,122.0738,6.91028
548408,Kirov,49.6600,58.59665
1253914,Ujjain,75.7764,23.18239
1733432,Kota Kinabalu,116.072,5.9749
4011743,Victoria de Durango,-104.6575,24.02032
5417598,Colorado Springs,-104.8213,38.83388
3456283,Niteroi,-43.1036,-22.88333
1808392,Hengshui,115.7011,37.73222
101628,Tabuk,36.5715,28.3998
1630789,Pontianak,109.32,-0.03194
2644688,Leeds,-1.5478,53.79648
1873757,Namp'o,125.4077,38.7375
1729564,Bacolod City,122.9,10.66667
3448877,Sao Joao de Meriti,-43.3722,-22.80389
1701500,Mansilingan,122.9788,10.63111
4791259,Virginia Beach,-75.9779,36.85293
1258662,Ramgundam,79.4520,18.80084
702658,Luhansk,39.3170,48.56705
1636544,Manado,124.8489,1.48218
609655,Karagandy,73.1021,49.80187
4487042,Raleigh,-78.6386,35.7721
1805518,Jining,116.5813,35.405
2501152,Constantine,6.6147,36.365
8074174,Muratpasa,30.7649,36.89157
373303,Juba,31.5824,4.85165
8505006,Wenshan City,104.2504,23.36306
1849053,Utsunomiya,139.8833,36.56667
3523466,Heroica Matamoros,-97.5041,25.87972
298333,Sanliurfa,38.7939,37.16708
2038087,Chengde,117.9588,40.9519
1854487,Oita,131.,33.23333
3827407,Venustiano Carranza,-99.1049,19.44361
2653822,Cardiff,-3.1,51.48
3837213,San Juan,-68.5363,-31.5375
569696,Cheboksary,47.2519,56.13222
1017780,Boksburg,28.2595,-26.21197
1721080,Cagayan de Oro,124.6472,8.48222
5074472,Omaha,-95.9404,41.25626
1926099,Matsuyama,132.7657,33.83916
3985241,San Nicolas de los Garza,-100.3022,25.74167
1865387,Amagasaki,135.4166,34.71667
3728338,Carrefour,-72.3992,18.54114
1256409,Shyamnagar,88.3666,22.83333
1715430,Dasmarinas,120.9366,14.32944
304922,Malatya,38.3166,38.35018
4164138,Miami,-80.1936,25.77427
1348818,Nangi,88.2152,22.50833
3672486,Pereira,-75.6961,4.81333
1265873,Kozhikode,75.780,11.24802
1308465,Mawlamyine,97.6282,16.49051
3696183,Iquitos,-73.2538,-3.74912
1858311,Kurashiki,133.7666,34.58333
1869012,Sunch'on,125.9327,39.43167
7628416,Sultangazi,28.8684,41.10652
2231320,Garoua,13.3977,9.30143
2513416,Murcia,-1.1300,37.98704
152224,Mwanza,32.,-2.51667
2319480,Uyo,7.933,5.05127
2038365,Bei'an,126.,48.26667
2229798,Kousseri,15.0306,12.07689
1264115,Malegaon,74.5346,20.54966
1273368,Davangere,75.9269,14.46693
554234,Kaliningrad,20.5109,54.70649
94824,Karbala,44.0248,32.61603
1841246,Masan,126.8314,35.12725
3407669,Ananindeua,-48.3722,-1.36556
1650527,Balikpapan,116.8288,-1.26753
5907364,Brampton,-79.7663,43.68341
2972315,Toulouse,1.4436,43.60426
293397,Tel Aviv,34.7805,32.08088
1513157,Namangan,71.6725,40.9983
2334802,Katsina,7.6017,12.99082
940909,Welkom,26.7350,-27.97742
3668605,Santa Marta,-74.1990,11.24079
360829,Al Mahallah al Kubra,31.166,30.97063
1269407,Jalgaon,75.5660,21.00292
1848313,Yokosuka,139.6672,35.28361
1279105,Akola,76.998,20.70957
1276533,Belgaum,74.5044,15.85212
7303419,East Jerusalem,35.2338,31.78336
1801757,Luqiao,121.3749,28.58023
571476,Bryansk,34.3716,53.25209
741763,Maltepe,29.1550,40.93567
109353,Al Kharj,47.3345,24.15541
3532497,Azcapotzalco,-99.1859,19.48698
3526617,Xalapa de Enriquez,-96.9158,19.53124
3648559,Barcelona,-64.6861,10.13625
1815395,Chaozhou,116.6226,23.65396
2352379,Ado-Ekiti,5.2208,7.62329
3060972,Bratislava,17.1067,48.14816
1271439,Gaya,85.0038,24.79686
1253986,Udaipur,73.7134,24.58584
922741,Likasi,26.738,-10.98303
360502,Luxor,32.642,25.69893
3680656,Ibague,-75.2322,4.43889
1795855,Shaoxing,120.5786,30.00237
555312,Ivanovo,40.9713,56.99719
315368,Erzurum,41.2769,39.90861
2350841,Akure,5.1931,7.25256
359783,Asyut,31.1836,27.18096
1642858,Jambi City,103.6166,-1.6
360761,Al Mansurah,31.3806,31.03637
5378538,Oakland,-122.270,37.80437
1266122,Korba,82.6963,22.3458
1275362,Bokaro,85.9564,23.78707
4568127,San Juan,-66.1057,18.46633
922773,Kolwezi,25.4667,-10.71484
2193733,Auckland,174.7634,-36.84853
1164408,Sukkur,68.8588,27.70323
1263780,Mangalore,74.8560,12.91723
1801934,Luohe,114.0427,33.56394
1694611,Pasay,121.0014,14.53748
694423,Sevastopol,33.522,44.58883
1518980,Shymkent,69.,42.3
1787351,Yangquan,113.5633,37.8575
532288,Magnitogorsk,59.0472,53.41861
1269006,Jhansi,78.5799,25.45887
3463237,Florianopolis,-48.5491,-27.59667
2911285,Wandsbek,10.0830,53.58334
3449433,Santos,-46.3336,-23.96083
3778045,Maturin,-63.1832,9.74569
5037649,Minneapolis,-93.2638,44.97997
8629640,Thoothukudi,78.1342,8.76735
143083,Ardabil,48.293,38.2498
1856177,Nagasaki,129.8833,32.75
2038120,Chaoyang,120.4586,41.57028
281133,Gaza,34.4667,31.50161
538560,Kursk,36.1873,51.73733
292913,Al Ain,55.7605,24.19167
1846266,Jeju City,126.5219,33.50972
3703443,Panama,-79.5197,8.9936
3083829,Szczecin,14.5530,53.42894
1587923,Bien Hoa,106.8243,10.94469
3587902,Villa Nueva,-90.587,14.52694
3451353,Ribeirao das Neves,-44.0866,-19.76694
1862540,Hirakata,135.6491,34.81352
2540483,Oujda-Angad,-1.9085,34.68139
347497,Tanda,31.0019,30.78847
971421,Newcastle,29.931,-27.75796
3514450,Xochimilco,-99.1035,19.25465
1261529,Nellore,79.9869,14.44992
1675151,Hsinchu,120.9686,24.80361
2036389,Jixi,130.9571,45.30109
148730,Zanzibar,39.1979,-6.16394
4553433,Tulsa,-95.9927,36.15398
6696918,Taoyuan City,121.2969,24.99368
3981369,Tonala,-103.2342,20.62445
372753,Kassala,36.3999,15.45099
2512989,Palma,2.6502,39.56939
911148,Kitwe,28.2132,-12.80243
98854,Nasiriyah,46.2572,31.05799
480060,Tver,35.9005,56.85836
7498240,West Jerusalem,35.2196,31.78199
1857871,Machida,139.4508,35.54028
1806408,Yangjiang,111.9627,21.85563
706369,Khmelnytskyi,26.9965,49.42161
1863641,Gifu-shi,136.7603,35.42291
1254348,Tiruppur,77.3545,11.11541
1678228,Keelung,121.741,25.12825
2558545,Al Hoceima,-3.9372,35.25165
2643123,Manchester,-2.2374,53.48095
6159905,Surrey,-122.8250,49.10635
3445026,Vila Velha,-40.292,-20.32972
1791681,Weifang,119.1019,36.71
1864092,Fujisawa,139.4766,35.34926
901344,Ndola,28.6365,-12.95867
1259091,Kollam,76.5846,8.88113
3447779,Serra,-40.3077,-20.12861
740264,Samsun,36.336,41.27976
588409,Tallinn,24.7535,59.43696
2234974,Bamenda,10.1459,5.9597
379003,El Obeid,30.2166,13.18421
3688928,Bello,-75.5579,6.33732
1788694,Xinpu,119.1594,34.59972
1734052,Sandakan,118.117,5.8402
107304,Buraydah,43.9749,26.32599
1138336,Kandahar,65.7101,31.61332
3464739,Diadema,-46.6227,-23.68611
4281730,Wichita,-97.3375,37.69224
4335045,New Orleans,-90.0750,29.95465
1185186,Comilla,91.1850,23.46186
1606590,Samut Prakan,100.5967,13.59934
1033356,Nampula,39.266,-15.11646
4671240,Arlington,-97.1080,32.73569
5150529,Cleveland,-81.6954,41.4995
2374775,Bissau,-15.5976,11.86357
1711005,Iloilo,122.5644,10.69694
105072,Khamis Mushait,42.7333,18.3
3467693,Campos dos Goytacazes,-41.3304,-21.75227
3429577,Resistencia,-58.9838,-27.46056
2214846,Misratah,15.0925,32.37535
3457381,Maua,-46.4613,-23.66778
2395914,Abomey-Calavi,2.3556,6.44852
2947416,Bochum,7.2164,51.48165
11048319,Sector 3,26.1687,44.4234
1849837,Toyonaka,135.4693,34.78244
3526700,Iztacalco,-99.0977,19.39528
3470044,Betim,-44.1983,-19.96778
1863917,Fukuyama,133.3666,34.48333
2239076,N'dalatando,14.9116,-9.29782
3726786,Delmas 73,-72.3027,18.54472
3672778,Pasto,-77.2811,1.21361
321836,Batman,41.1322,37.88738
2179537,Wellington,174.7755,-41.28664
2515270,Las Palmas de Gran Canaria,-15.4134,28.09973
3466537,Caxias do Sul,-51.1794,-29.16806
520494,Nizhny Tagil,59.96,57.91944
6941055,Bochum-Hordel,7.175,51.50168
1812955,Dezhou,116.3104,37.45127
986822,Krugersdorp,27.7751,-26.08577
1260482,Panihati,88.3740,22.69089
1185107,Shibganj,89.3226,25.00146
1849846,Toyohashi,137.3833,34.76667
1784130,Zhoukou,114.6333,33.63333
6050610,Laval,-73.69,45.56995
3939459,Huancayo,-75.2048,-12.06513
702320,Makiyivka,37.9257,48.04782
1798449,Putian,119.0102,25.43944
310859,Kahramanmaras,36.9264,37.5847
1852383,Minato,135.150,34.2152
3183875,Tirana,19.8188,41.3275
3448639,Sao Jose do Rio Preto,-49.3794,-20.81972
598316,Kaunas,23.9096,54.90272
5325738,Bakersfield,-119.0187,35.37329
2033574,Zhangjiakou Shi Xuanhua Qu,115.0447,40.61028
1734810,Seremban,101.938,2.7297
2636841,Stoke-on-Trent,-2.1853,53.00415
1798654,Pingxiang,113.8535,27.61672
298117,Van,43.3832,38.49457
1265014,Latur,76.5678,18.39721
5856195,Honolulu,-157.8583,21.30694
145459,Abadan,48.304,30.3392
7304020,Fenghuang,109.5996,27.93557
3629672,Puerto La Cruz,-64.632,10.21382
3078610,Brno,16.6079,49.19522
625665,Mahilyow,30.344,53.9168
7483813,Natore,88.9867,24.41112
4174757,Tampa,-82.4584,27.94752
11048323,Sector 6,26.0164,44.43579
2172517,Canberra,149.1280,-35.28346
1855612,Nara-shi,135.8048,34.68505
1279228,Ahmadnagar,74.7384,19.09457
1272691,Dhulia,74.7773,20.9013
3393536,Olinda,-34.8552,-8.00889
2544571,Kenitra,-6.580,34.26101
3102014,Bydgoszcz,18.0076,53.1235
1735227,Kuantan,103.32,3.8077
3181928,Bologna,11.3387,44.49381
3514519,Xico,-98.9508,19.27032
1845759,Cheonan,127.152,36.8065
3630297,Petare,-66.8146,10.48269
1172128,Larkana,68.2120,27.55898
379062,Al Qadarif,35.3834,14.03493
2192362,Christchurch,172.6333,-43.53333
487846,Stavropol',41.973,45.0428
3514670,Villahermosa,-92.9302,17.98689
1849814,Toyota,137.1,35.08333
2187404,Manukau City,174.8798,-36.99282
1784853,Zhaoqing,112.4597,23.05116
6947637,Atasehir,29.116,40.9833
1276300,Bhagalpur,86.9718,25.24446
1165221,Shekhupura,73.9855,31.71287
3466998,Carapicuiba,-46.83,-23.52272
2805753,Wuppertal,7.1481,51.25627
2294877,Tamale,-0.839,9.40079
2014407,Ulan-Ude,107.6062,51.82721
1856215,Nagano,138.1833,36.65
2362344,Bobo-Dioulasso,-4.297,11.17715
765876,Lublin,22.5666,51.25
11694038,Huocheng,80.8717,44.05305
5412347,Aurora,-104.8319,39.72943
2652221,Coventry,-1.5121,52.40656
6324729,Halifax,-63.5723,44.64533
1817993,Anqing,117.0472,30.51365
1516905,Taraz,71.3666,42.9
1689395,San Jose del Monte,121.0452,14.81389
3675443,Manizales,-75.5173,5.06889
1948005,Kwangmyong,126.8663,37.47722
111453,Zanjan,48.4962,36.67642
2112539,Iwaki,140.8833,37.05
1729524,Bacoor,120.9290,14.45903
2130629,Asahikawa,142.3648,43.77063
1842943,Kimhae,128.8811,35.23417
581049,Arkhangel'sk,40.543,64.5401
1651531,Ambon,128.1833,-3.69583
1629001,Samarinda,117.1458,-0.49167
3827406,Benito Juarez,-99.1576,19.3984
3128026,Bilbao,-2.9252,43.26271
3996322,Mazatlan,-106.406,23.2329
3835869,Santiago del Estero,-64.2614,-27.79511
1850910,Takatsuki,135.6167,34.84833
734077,Thessaloniki,22.9308,40.64361
3827408,Miguel Hidalgo,-99.2002,19.43411
3648546,Barinas,-70.2074,8.62261
3673899,Neiva,-75.2818,2.9273
1854376,Okazaki,137.1666,34.95
141681,Bandar Abbas,56.280,27.1865
689558,Vinnytsia,28.4809,49.23278
4018390,Ciudad Apodaca,-100.1883,25.78195
1817968,Anshun,105.9333,26.25
1851483,Suita,135.5156,34.76143
3526682,Ixtapaluca,-98.8828,19.31556
1926004,Wakayama,135.1666,34.23333
5323810,Anaheim,-117.914,33.83529
1674504,Hualien City,121.6044,23.97694
1707267,Lapu-Lapu City,123.9494,10.31028
1259239,Punasa,76.3933,22.23507
8764562,Diepsloot,28.0121,-25.93312
1262332,Muzaffarnagar,77.7033,29.47091
3522551,Nuevo Laredo,-99.5163,27.47629
3176959,Florence,11.2462,43.77925
117574,Sanandaj,46.9988,35.31495
3403642,Campina Grande,-35.8811,-7.23056
5950267,Etobicoke,-79.5671,43.65421
3566067,Camaguey,-77.9169,21.38083
6058560,London,-81.2330,42.98339
2038067,Chifeng,118.9636,42.26833
1877030,Hungnam,127.6186,39.83167
1526273,Astana,71.4459,51.1801
11048318,Sector 2,26.1332,44.4528
578072,Belgorod,36.5801,50.61074
371760,Kosti,32.6634,13.1629
2035261,Taihecun,130.8504,45.76347
290030,Doha,51.5309,25.28545
3625829,Turmero,-67.4742,10.22856
3515463,Tlahuac,-99.0050,19.28689
3529947,Cuernavaca,-99.2307,18.9261
1501321,Kurgan,65.3333,55.45
1185188,Rangpur,89.2516,25.74664
1182637,Bhimbar,74.0784,32.97465
620127,Vitebsk,30.204,55.1904
1711084,Iligan,124.2434,8.2289
3667849,Soledad,-74.7645,10.91843
1795060,Shiqi,113.3852,22.51682
3453643,Piracicaba,-47.6491,-22.72528
2657896,Zurich,8.5,47.36667
1265767,Kukatpalli,78.4137,17.48486
1175892,Jhang Sadr,72.3168,31.26981
161325,Arusha,36.6833,-3.36667
1278840,Ambattur,80.1615,13.09818
2112141,Koriyama,140.3833,37.4
728193,Plovdiv,24.7,42.15
1106542,Chitungwiza,31.0755,-18.01274
1859924,Kashiwa,139.9773,35.86224
173576,Latakia,35.7901,35.53168
1529660,Aksu,80.2792,41.18418
2411989,Serekunda,-16.6780,13.43833
4004330,Irapuato,-101.3562,20.67675
1850181,Tokorozawa,139.4690,35.79916
3435217,Corrientes,-58.834,-27.4806
553915,Kaluga,36.2754,54.5293
3396016,Macapa,-51.0663,0.03889
4498303,West Raleigh,-78.6638,35.78682
2990440,Nice,7.2660,43.70313
1876373,Kaesong,126.5544,37.97083
3645532,Ciudad Bolivar,-63.5408,8.12923
1859740,Kawagoe,139.4852,35.90861
1185098,Tungi,90.4023,23.89154
8504952,Krasnogvargeisky,30.4760,59.97305
963241,Randburg,28.0012,-26.0941
1276509,Bellary,76.9239,15.14205
3460644,Itaquaquecetuba,-46.3483,-23.48611
693805,Simferopol,34.1107,44.95719
1859146,Kochi,133.5333,33.55
2636531,Sunderland,-1.3822,54.90465
5392900,Santa Ana,-117.8678,33.74557
3470279,Bauru,-49.0605,-22.31472
3621849,San Jose,-84.0833,9.93333
2521978,Alicante,-0.4814,38.34517
1851100,Takamatsu,134.0,34.33333
2034439,Tieling,123.8413,42.29306
119505,Qazvin,50.004,36.26877
1262330,Muzaffarpur,85.3905,26.12259
1268257,Kamarhati,88.3747,22.67111
364103,Wad Medani,33.5198,14.40118
1805741,Jincheng,112.8327,35.50222
3456814,Montes Claros,-43.8616,-16.735
2949186,Bielefeld,8.5333,52.03333
425378,Bujumbura,29.364,-3.3822
1701947,Mandaue City,123.9222,10.32361
127319,Khorramshahr,48.1842,30.44079
1263364,Mathura,77.6721,27.5035
127349,Khorramabad,48.3558,33.48778
3583096,Soyapango,-89.1398,13.71024
1260107,Patiala,76.392,30.33625
1866923,Wonsan,127.4436,39.15278
1520240,Pavlodar,76.9666,52.28333
2519240,Cordoba,-4.7727,37.89155
1274693,Chanda,79.2952,19.95076
3467467,Canoas,-51.1836,-29.91778
491422,Sochi,39.7256,43.59917
2044757,Chongjin,129.7758,41.79556
2033467,Yanji,129.5077,42.9075
1275960,Bhilwara,74.6408,25.34707
2528910,Tetouan,-5.3683,35.57845
3457001,Mogi das Cruzes,-46.1883,-23.52278
1849876,Toyama,137.2166,36.7
3693528,Piura,-80.6328,-5.19449
2655613,Birkenhead,-3.0147,53.39337
1254187,Trichur,76.2166,10.51667
1275198,Brahmapur,84.792,19.31151
3448136,Sao Vicente,-46.3919,-23.96306
515012,Orel,36.0784,52.96508
4683416,Corpus Christi,-97.3963,27.80058
1793879,Suizhou,113.3630,31.71111
3429886,Posadas,-55.8960,-27.36708
99608,Al 'Amarah,47.1448,31.83561
472231,Volzhskiy,44.7797,48.78583
5387877,Riverside,-117.3961,33.95335
3665900,Villavicencio,-73.6266,4.142
3459462,Jundiai,-46.8841,-23.18639
3701329,San Miguelito,-79.4706,9.05032
491687,Smolensk,32.040,54.7818
3439101,Ciudad del Este,-54.6111,-25.50972
3454244,Pelotas,-52.342,-31.77194
706448,Kherson,32.617,46.65581
1256728,Shahjanpur,79.9091,27.88165
2113126,Akita,140.1166,39.71667
2244802,Thies,-16.9260,14.78944
2228373,Maroua,14.3159,10.59095
3430545,Moron,-58.6195,-34.6509
3472287,Anapolis,-48.9527,-16.32667
3522210,Pachuca de Soto,-98.7332,20.11697
1256515,Shimoga,75.5679,13.93157
1216265,Samarqand,66.9597,39.65417
524305,Murmansk,33.0925,68.97917
2646003,Islington,-0.1030,51.53622
3556969,Holguin,-76.2630,20.88722
1520316,Ust-Kamenogorsk,82.6058,49.97143
99762,Ad Diwaniyah,44.9255,31.99289
1787858,Shangrao,117.9428,28.45179
1635882,Mataram,116.1166,-8.58333
1514588,Andijon,72.3442,40.78206
2639577,Reading,-0.9711,51.45625
675810,Iasi,27.,47.16667
3106672,Valladolid,-4.7237,41.65518
696643,Poltava,34.5407,49.59373
1261481,New Delhi,77.2244,28.63576
1858729,Koshigaya,139.7891,35.89035
473249,Vladikavkaz,44.6677,43.03667
627904,Hrodna,23.825,53.6884
3096472,Katowice,19.0275,50.25841
1258076,Rohtak,76.5891,28.89447
2038569,Baicheng,122.8207,45.60746
3698304,Chimbote,-78.5783,-9.08528
681290,Cluj-Napoca,23.,46.76667
1720681,Calamba,121.1652,14.21167
2347470,Bauchi,9.8438,10.31032
569223,Cherepovets,37.,59.13333
4407066,St. Louis,-90.1978,38.62727
3689560,Armenia,-75.6811,4.53389
99131,Al Kut,45.8181,32.5128
665087,Timisoara,21.2257,45.75372
472459,Vologda,39.8839,59.2239
739549,Sisli,28.9871,41.06046
4297999,Lexington-Fayette,-84.4585,38.0498
2645425,Kingston upon Hull,-0.3352,53.7446
3667905,Soacha,-74.2168,4.57937
2529013,Temara,-6.9065,33.92866
3530569,Coacalco,-99.1068,19.62923
2639912,Preston,-2.7045,53.76282
586523,Ganja,46.3605,40.68278
2036434,Lianshan,120.8532,40.76432
317109,Denizli,29.087,37.77417
2338313,Ikeja,3.3420,6.59651
2946447,Bonn,7.0954,50.73438
3068799,Ostrava,18.2820,49.83465
726050,Varna,27.9166,43.21667
3444924,Vitoria,-40.3377,-20.31944
1792621,Wusong,117.7833,30.95
1711082,Iligan City,124.,8.25
3941584,Cusco,-71.9673,-13.52264
3457671,Maringa,-51.9386,-23.42528
1856717,Miyazaki,131.4166,31.91667
1214189,Percut,98.86,3.6253
3693345,Pucallpa,-74.5538,-8.37915
1805680,Jingdezhen,117.2078,29.2947
3461789,Guaruja,-46.2563,-23.99306
1870883,Sariwon,125.7558,38.50722
473247,Vladimir,40.3965,56.13655
3899539,Antofagasta,-70.395,-23.65236
1016670,Botshabelo,26.7259,-29.26737
1649150,Bengkulu,102.2655,-3.80044
1722186,Butuan,125.5436,8.94917
3516355,Tampico,-97.835,22.24484
1721281,Cabuyao,121.126,14.2726
2025339,Chita,113.5008,52.03171
2155472,Newcastle,151.7764,-32.92715
3666304,Valledupar,-73.2532,10.46314
4005867,Ciudad General Escobedo,-100.3179,25.79698
2503826,Biskra,5.7280,34.85038
2873891,Mannheim,8.4669,49.4891
710735,Chernihiv,31.2848,51.50551
248946,Irbid,35.8,32.55556
1254089,Tumkur,77.102,13.34136
1846052,Chinju,128.0847,35.19278
2641598,Newport,-2.9983,51.58774
1734199,Tawau,117.8911,4.24482
1812101,Shengli,118.4916,37.46271
1271885,Firozabad,78.3978,27.15092
361320,Al Fayyum,30.841,29.30995
3662762,Porto Velho,-63.9038,-8.76194
4014875,Celaya,-100.815,20.52353
3836564,San Salvador de Jujuy,-65.2971,-24.19457
1016181,Brakpan,28.3693,-26.23656
5399020,Stockton,-121.2907,37.9577
1701966,Mandaluyong City,121.040,14.5832
1261258,Nizamabad,78.098,18.67154
1265711,Kulti,86.8437,23.73166
3463011,Franca,-47.4008,-20.53861
1258932,Rajahmundry,81.7778,17.00517
5206379,Pittsburgh,-79.9958,40.44062
680332,Craiova,23.,44.31667
680963,Constanta,28.6343,44.18073
498698,Saransk,45.174,54.1838
1133616,Mazar-e Sharif,67.1108,36.70904
1277029,Barddhaman,87.8569,23.25572
2692969,Malmoe,13.0007,55.60587
1177654,Gujrat,74.0754,32.5742
1856035,Naha,127.6833,26.21667
629634,Brest,23.6877,52.09755
1170880,Mardan,72.0496,34.19794
1490624,Surgut,73.4166,61.25
2636432,Swansea,-3.9432,51.62079
363807,Winejok,27.5708,9.01222
1787323,Yangshuo,110.4896,24.78081
1725115,Binan,121.0807,14.34267
1171305,Malir Cantonment,67.2059,24.94343
9862222,Kyzyl-Orda,65.4998,44.8479
442301,Batikent,32.7308,39.96833
3632308,Merida,-71.1561,8.58972
1519922,Kyzylorda,65.5091,44.85278
1735106,George Town,100.3354,5.41123
1529046,Xinyuan,83.2495,43.42649
1730737,Angeles City,120.5833,15.15
2654993,Bradford,-1.7520,53.79391
1687687,Santol,120.567,15.16222
5879400,Anchorage,-149.9002,61.21806
1859891,Kasugai,136.9722,35.24762
1642588,Jember,113.6995,-8.17211
2130658,Aomori,140.7333,40.81667
1853574,Otsu,135.8666,35
1277065,Barasat,88.4819,22.72154
315808,Elazig,39.2232,38.67431
7281931,Okanagan,-119.3499,50.36386
710791,Cherkasy,32.0620,49.42854
3105976,Vigo,-8.7226,42.23282
1847966,Akashi,135.0068,34.65524
1277539,Bali,88.3411,22.64859
4508722,Cincinnati,-84.5143,39.12711
1270022,Hisar,75.7229,29.15394
1258599,Rampur,79.0269,28.81014
1848373,Yokkaichi,136.6166,34.96667
1884138,Yeosu,127.6621,34.76062
2637433,Southend-on-Sea,0.7143,51.53782
2111834,Morioka,141.1,39.7
3868121,Vina del Mar,-71.5518,-33.02457
692194,Sumy,34.8002,50.9216
2112923,Fukushima,140.4666,37.75
677697,Galati,28.0,45.45
3469968,Blumenau,-49.0661,-26.91944
7279746,Noida,77.3,28.58
6954929,Greater Noida,77.5360,28.49615
3463030,Foz do Iguacu,-54.5880,-25.54778
109571,Al Hufuf,49.5876,25.36467
1268561,Kakinada,82.2380,16.96036
1260476,Panipat,76.9682,29.38747
1519422,Semey,80.2666,50.42675
2331140,Makurdi,8.5213,7.73375
2171507,Wollongong,150.8934,-34.424
3453186,Ponta Grossa,-50.1619,-25.095
2330100,Minna,6.5477,9.61524
776069,Bialystok,23.1643,53.13333
154380,Mbeya,33.4,-8.9
1608133,Mueang Nonthaburi,100.5147,13.86075
1842225,Gumi,128.33,36.1136
484646,Tambov,41.4432,52.73169
2525068,Catania,15.0704,37.49223
109101,Al Mubarraz,49.5902,25.40768
2235189,Bafoussam,10.4175,5.47775
1174625,Kasur,74.4502,31.11866
2745912,Utrecht,5.1222,52.09083
1788245,Xiuying,110.2935,20.00073
3392740,Paulista,-34.8730,-7.94083
99347,Al Hillah,44.4196,32.46367
3458575,Limeira,-47.4016,-22.56472
1260341,Parbhani,76.7708,19.26855
6174041,Victoria,-123.369,48.43294
1816705,Beihai,109.,21.48333
1806776,Huizhou,114.4152,23.11147
737071,Zeytinburnu,28.9041,40.99441
1818209,Tsuen Wan,114.1047,22.37066
4300488,Meads,-82.7090,38.41258
4295940,Ironville,-82.6923,38.45647
2481700,Setif,5.4137,36.19112
2537881,Safi,-9.2371,32.29939
2040893,Sinuiju,124.3980,40.10056
11048320,Sector 4,26.1208,44.37571
1580240,Hue,107.5954,16.4619
1273491,Darbhanga,85.8970,26.15216
2911287,Marienthal,10.0833,53.56667
752850,Adapazari,30.4033,40.78056
7628419,Sultanbeyli,29.2706,40.96072
5505411,Henderson,-114.9819,36.0397
4469146,Greensboro,-79.7919,36.07264
3445156,Viamao,-51.0233,-30.08111
359493,Zagazig,31.50,30.58768
5045360,Saint Paul,-93.0932,44.94441
1734705,Kuala Terengganu,103.140,5.3302
361055,Ismailia,32.2722,30.60427
3487903,Alto Barinas,-70.226,8.5931
96994,Dihok,42.9884,36.86709
2892794,Karlsruhe,8.4044,49.00937
2088122,Port Moresby,147.1797,-9.44314
4719457,Plano,-96.6988,33.01984
2112664,Ichihara,140.0833,35.51667
1843491,Iksan,126.9544,35.94389
1572151,Nha Trang,109.1943,12.24507
3447212,Suzano,-46.3108,-23.5425
1278946,Alwar,76.62,27.56246
1720840,Cainta,121.122,14.5786
3719028,Petionville,-72.2852,18.5125
1857843,Maebashi,139.0833,36.4
1275637,Bilaspur,82.1554,22.08005
7281838,Logan City,153.1094,-27.63917
3868626,Valparaiso,-71.6296,-33.036
1633034,Palu,119.8708,-0.90833
2057087,Kupang,123.6069,-10.17083
686967,Zhytomyr,28.6766,50.26487
5101798,Newark,-74.1723,40.73566
3680450,Itaguei,-75.5991,6.18461
747014,Gebze,29.4306,40.80276
1185117,Narsingdi,90.7176,23.92298
2505572,Batna,6.1741,35.55597
3981941,Tepic,-104.8956,21.50951
1814757,Chuzhou,118.2977,32.32194
11238838,Merkezefendi,29.0423,37.80544
1861949,Ichinomiya,136.,35.3
3928128,Tacna,-70.2536,-18.01465
8354626,Hamburg-Nord,9.98,53.58935
1170395,Mingora,72.3626,34.7795
5174035,Toledo,-83.5552,41.66394
2343983,Efon-Alaaye,4.9223,7.65649
466806,Yoshkar-Ola,47.8907,56.63877
484907,Taganrog,38.8968,47.23617
3627047,Santa Teresa del Tuy,-66.6647,10.23291
707753,Horlivka,38.0532,48.33576
6182962,Windsor,-83.0165,42.30008
2337704,Ilesa,4.7416,7.62789
543878,Kostroma,40.9268,57.76647
3121424,Gijon,-5.6615,43.53573
3182351,Bari,16.855,41.11148
5072006,Lincoln,-96.6669,40.8
418710,Khomeyni Shahr,51.5360,32.6856
2467454,Sfax,10.7602,34.74056
2990969,Nantes,-1.5533,47.21725
3658666,Cuenca,-79.0045,-2.90055
2325314,Owo,5.5868,7.1962
3865086,Bahia Blanca,-62.2724,-38.71959
1626381,Sukabumi,106.9266,-6.91806
683844,Brasov,25.6061,45.64861
2021851,Komsomolsk-on-Amur,137.0099,50.55034
2130188,Hakodate,140.7366,41.77583
2505854,Bab Ezzouar,3.1829,36.72615
2226275,Mokolo,13.8022,10.74244
3402429,Caucaia,-38.6530,-3.73611
2973783,Strasbourg,7.7455,48.58392
2655984,Belfast,-5.9254,54.59682
1280849,Kashgar,75.9895,39.47066
98717,Ramadi,43.3077,33.42056
1269834,Ichalkaranji,74.4605,16.69117
1862033,Ibaraki,135.5682,34.81641
1848522,Yao,135.,34.61667
1140026,Herat,62.1996,34.34817
3557689,Guantanamo,-75.2091,20.14444
523523,Nal'chik,43.6188,43.49806
1728930,Baguio,120.5930,16.41639
3454031,Petropolis,-43.1786,-22.505
289888,Ar Rayyan,51.4244,25.29194
2809346,Wiesbaden,8.2493,50.08258
3674453,Monteria,-75.8814,8.74798
3196359,Ljubljana,14.5051,46.05108
106297,Hafar Al-Batin,45.9707,28.43279
1860704,Kakogawacho-honmachi,134.8290,34.76943
11048322,Sector 5,26.0714,44.38808
1624647,Tasikmalaya,108.220,-7.3274
1275701,Bijapur,75.7153,16.82442
4167147,Orlando,-81.3792,28.53834
1803318,Linyi,118.3427,35.06306
2651347,Derby,-1.4766,52.92277
1688749,San Pedro,121.047,14.3595
2867543,Muenster,7.6257,51.96236
2921466,Gelsenkirchen,7.0965,51.50508
3530580,Ciudad Victoria,-99.1459,23.74174
1841066,Mokpo,126.3918,34.81282
7838895,Russeifa,36.0463,32.01778
3352136,Windhoek,17.0832,-22.55941
204953,Tshikapa,20.7999,-6.41621
354775,Kafr ad Dawwar,30.1296,31.13379
1850158,Tokushima,134.5666,34.06667
294801,Haifa,34.988,32.81841
487495,Sterlitamak,55.9501,53.62462
106281,Ha'il,41.6907,27.52188
6544100,Eixample,2.1617,41.38896
1185281,Bagerhat,89.7912,22.65657
1786640,Chengzhong,113.5528,30.94454
1790840,Wuzhou,111.3166,23.48333
5336899,Chula Vista,-117.084,32.64005
2036670,Hulan Ergi,123.6333,47.20417
1279186,Aizawl,92.7179,23.72894
3247449,Aachen,6.0834,50.77664
584923,Sumqayit,49.6686,40.58972
1701472,Mantampay,124.2166,8.16667
509820,Petrozavodsk,34.3469,61.78491
380148,El Daein,26.1258,11.46186
2320576,Umuahia,7.4946,5.52491
5099836,Jersey City,-74.0776,40.72816
1800627,Mianyang,104.6816,31.46784
300619,Sivas,37.0161,39.74833
3522507,Oaxaca,-96.7236,17.06542
939270,Witbank,29.2332,-25.87133
610611,Aktobe,57.2071,50.27969
3841956,Parana,-60.523,-31.73197
1269395,Jalna,75.8863,19.84102
7302826,Lal Bahadur Nagar,78.5575,17.34769
2869894,Moenchengladbach,6.4417,51.18539
6066513,Markham,-79.266,43.86682
1273066,Dewas,76.0552,22.96585
3667983,Sincelejo,-75.3977,9.30472
2034400,Tongliao,122.2652,43.6125
3445839,Uberaba,-47.9319,-19.74833
5289282,Chandler,-111.8412,33.30616
4920423,Fort Wayne,-85.1288,41.1306
2640194,Plymouth,-4.1430,50.37153
1277082,Baranagar,88.3772,22.64132
1529401,Karamay,84.8872,45.58473
1529641,Aral,81.2656,40.54184
184622,Nakuru,36.0722,-0.30719
1586203,Can Tho,105.7882,10.03711
2954172,Augsburg,10.8985,48.37154
1862462,Hiratsuka,139.3373,35.32785
7302833,Gajuwaka,83.2166,17.7
1805179,Jiujiang,116.0020,29.70475
2036458,Jining,113.1058,41.0275
3671916,Popayan,-76.6131,2.43823
103630,Najran,44.1276,17.49326
4013704,Ciudad Obregon,-109.9408,27.48642
78754,Mukalla,49.1242,14.54248
5110629,Buffalo,-78.8783,42.88645
2643339,Luton,-0.4174,51.87967
1631766,Pekalongan,109.675,-6.8886
3644768,Cumana,-64.1825,10.45397
1257022,Satna,80.8271,24.57726
3662574,Rio Branco,-67.8,-9.97472
4464368,Durham,-78.8986,35.99403
1271987,Etawah,79.0213,26.77615
3466779,Cascavel,-53.4552,-24.95583
4171563,St. Petersburg,-82.6792,27.77086
3120619,L'Hospitalet de Llobregat,2.1002,41.35967
2326171,Ondo,4.8352,7.09316
1049261,Chimoio,33.4833,-19.11639
5359777,Irvine,-117.8231,33.66946
660158,Espoo,24.652,60.2052
6544489,Latina,-3.7456,40.38897
2051523,Bratsk,101.6141,56.1325
4006702,Ensenada,-116.6007,31.87149
299817,Tarsus,34.8927,36.91766
4705349,Laredo,-99.5075,27.50641
116996,Sari,53.0600,36.56332
1272181,Durg,81.2761,21.19147
695594,Rivne,26.2274,50.62308
1529114,Turpan,89.1788,42.94769
2338106,Ikot Ekpene,7.7148,5.18194
1808198,Heze,115.4735,35.23929
2110556,Yamagata,140.3666,38.23333
3984583,Santa Catarina,-100.4581,25.67325
1646170,Cirebon,108.55,-6.7063
3456068,Novo Hamburgo,-51.1305,-29.67833
1336134,Cox's Bazar,92.0095,21.43973
3099424,Gdynia,18.5318,54.51889
6544493,Carabanchel,-3.724,40.39094
1262131,Naihati,88.4152,22.89396
3444914,Vitoria da Conquista,-40.8394,-14.86611
1804386,Laohekou,111.6677,32.38583
3870282,Talcahuano,-73.1168,-36.72494
962367,Richards Bay,32.0376,-28.78301
2633691,Wolverhampton,-2.1229,52.58547
379555,El Fasher,25.3493,13.62793
2244799,Thies Nones,-16.9666,14.78333
338832,Dire Dawa,41.8661,9.59306
3682385,Floridablanca,-73.0864,7.06222
2034655,Suihua,126.9950,46.63954
3470353,Barueri,-46.8761,-23.51056
140044,Borujerd,48.751,33.8973
2911293,Eimsbuettel,9.9567,53.57416
8533133,Liupanshui,104.8333,26.59444
32767,Qarchak,51.5754,35.42867
3928245,Santiago de Surco,-77.0074,-12.13588
3446682,Taubate,-45.5552,-23.02639
1799629,Nanyang,112.5327,32.99472
1690039,San Fernando,120.6844,15.03425
3523908,Los Reyes Acaquilpan,-98.9770,19.36357
153220,Morogoro,37.6612,-6.82102
3462315,Governador Valadares,-41.9494,-18.85111
1254360,Tirupati,79.4198,13.63551
1215502,Banda Aceh,95.3333,5.54167
1792260,Wafangdian,122.0080,39.61833
1255744,Sonipat,77.0193,28.99478
3537906,Santa Clara,-79.9647,22.40694
2336905,Iwo,4.1815,7.63527
1706684,Libertad,125.5019,8.94417
2340451,Gombe,11.1672,10.28969
2911296,Altona,9.9333,53.55
1278130,Avadi,80.1098,13.1147
3452465,Praia Grande,-46.4027,-24.00583
